{
  "Top": 208.0,
  "Left": 729.6,
  "Width": 631.2,
  "Height": 348.8,
  "IsLocked": true,
  "H1": 88.21933894891038,
  "H2": 51.00066105108965,
  "H3": 126.61933894891038,
  "H4": 51.000661051089594
}