{"Top":778.4000000000001,"Left":329.6,"Width":906.4000000000001,"Height":176.8,"IsLocked":true,"SplitterRatio":0.6515151515151515}